{
  "metrics": {
    "f1": 0.5761658031088083,
    "pr_auc": 0.7382352014963942,
    "precision": 0.8398791540785498,
    "recall": 0.4384858044164038,
    "accuracy": 0.8863888888888889,
    "drift_preview_f1": 0.27806563039723664,
    "drift_preview_pr_auc": 0.6827610703765115
  },
  "version": 3
}